WELL_BORE_CODE,DATEPRD,oil,gas,wat,hrs
NO 15/9-F-1 C,2014-04-30,11142.47,1597936.65,0.0,227.5
NO 15/9-F-1 C,2014-05-31,24901.95,3496229.65,783.48,733.83334
NO 15/9-F-1 C,2014-06-30,19617.76,2886661.69,2068.48,705.91666
NO 15/9-F-1 C,2014-07-31,14563.68,2171518.99,6089.51,718.41666
NO 15/9-F-1 C,2014-08-31,6970.43,1048190.8,4529.75,432.99166
NO 15/9-F-1 C,2014-09-30,9168.43,1414099.99,8317.59,630.3
NO 15/9-F-1 C,2014-10-31,9468.06,1462063.99,10364.869999999999,745.0
NO 15/9-F-1 C,2014-11-30,6710.33,1044188.2999999999,7234.24,579.775
NO 15/9-F-1 C,2014-12-31,120.29,25857.08,183.44,27.5
NO 15/9-F-1 C,2015-01-31,10875.53,1604934.6,6850.8,479.91667
NO 15/9-F-1 C,2015-02-28,9586.64,1439453.67,10744.99,437.41667
NO 15/9-F-1 C,2015-03-31,5879.22,856681.45,11607.44,320.20833
NO 15/9-F-1 C,2015-04-30,3924.1800000000003,566709.81,9815.16,262.83333
NO 15/9-F-1 C,2015-05-31,3832.69,559060.34,6167.47,181.08333
NO 15/9-F-1 C,2015-06-30,6344.5,925337.48,14548.69,466.44986
NO 15/9-F-1 C,2015-07-31,2093.95,315178.96,8454.26,241.66667
NO 15/9-F-1 C,2015-08-31,2871.02,427692.58999999997,5334.03,147.79167
NO 15/9-F-1 C,2015-09-30,6460.27,961548.42,14767.12,384.4668
NO 15/9-F-1 C,2015-10-31,4085.8,631372.5599999999,13538.71,367.79986
NO 15/9-F-1 C,2015-11-30,3332.05,508384.43,11682.31,301.25833
NO 15/9-F-1 C,2015-12-31,2949.42,454911.3,6231.55,197.65833
NO 15/9-F-1 C,2016-01-31,2981.44,471675.96,14036.28,387.68334
NO 15/9-F-1 C,2016-02-29,4718.03,742339.77,15945.73,484.48332
NO 15/9-F-1 C,2016-03-31,2917.5,476830.19,13410.89,356.75833
NO 15/9-F-1 C,2016-04-30,1671.69,274213.17,4441.13,140.82499
NO 15/9-F-11 H,2013-07-31,3923.08,590504.52,0.0,112.91514
NO 15/9-F-11 H,2013-08-31,25496.07,3871942.31,520.01,586.71667
NO 15/9-F-11 H,2013-09-30,23775.08,3661574.0,1573.61,538.91667
NO 15/9-F-11 H,2013-10-31,34114.5,5272724.29,1926.53,678.49991
NO 15/9-F-11 H,2013-11-30,35386.35,5413486.14,3791.2200000000003,712.0
NO 15/9-F-11 H,2013-12-31,33405.75,5190658.82,4963.26,662.08335
NO 15/9-F-11 H,2014-01-31,34552.37,5193353.22,4343.49,668.08333
NO 15/9-F-11 H,2014-02-28,28189.97,4255282.68,2841.37,562.66666
NO 15/9-F-11 H,2014-03-31,33290.79,5039849.75,3692.22,655.49999
NO 15/9-F-11 H,2014-04-30,35428.73,5301958.8,4124.45,691.51685
NO 15/9-F-11 H,2014-05-31,34831.88,4902619.28,5017.47,731.5
NO 15/9-F-11 H,2014-06-30,33898.64,4990684.5200000005,6083.59,709.33333
NO 15/9-F-11 H,2014-07-31,33760.33,5035917.29,6800.85,742.66667
NO 15/9-F-11 H,2014-08-31,26037.54,4033770.42,6076.52,599.11669
NO 15/9-F-11 H,2014-09-30,33221.64,5220328.68,8349.05,690.66667
NO 15/9-F-11 H,2014-10-31,33851.72,5237208.3,10287.9,745.0
NO 15/9-F-11 H,2014-11-30,26611.5,4153116.29,9403.58,692.39181
NO 15/9-F-11 H,2014-12-31,8547.92,1413111.6400000001,3079.0499999999997,733.8582
NO 15/9-F-11 H,2015-01-31,28535.23,4208205.45,13399.58,708.33333
NO 15/9-F-11 H,2015-02-28,25347.22,3836073.69,14061.01,632.16667
NO 15/9-F-11 H,2015-03-31,44316.19,6516700.49,19387.3,743.83333
NO 15/9-F-11 H,2015-04-30,54555.76,7956467.49,23839.72,720.0
NO 15/9-F-11 H,2015-05-31,55029.22,8027510.44,24425.53,744.0
NO 15/9-F-11 H,2015-06-30,48231.1,7065851.59,22891.62,718.81667
NO 15/9-F-11 H,2015-07-31,43784.66,6508853.29,36195.93,744.0
NO 15/9-F-11 H,2015-08-31,31498.15,4769902.18,31870.44,632.01681
NO 15/9-F-11 H,2015-09-30,31424.59,4748109.86,37411.85,718.72458
NO 15/9-F-11 H,2015-10-31,29724.78,4501570.02,38022.56,626.89181
NO 15/9-F-11 H,2015-11-30,36410.23,5558573.35,57058.61,671.3081999999999
NO 15/9-F-11 H,2015-12-31,35933.9,5504665.46,62976.28,740.16667
NO 15/9-F-11 H,2016-01-31,31603.26,4949940.78,67980.66,736.49999
NO 15/9-F-11 H,2016-02-29,25954.57,4093286.56,66610.49,695.58333
NO 15/9-F-11 H,2016-03-31,25023.66,4032038.1,76636.95999999999,743.0
NO 15/9-F-11 H,2016-04-30,13429.0,2194427.05,57931.66,579.08332
NO 15/9-F-11 H,2016-05-31,15528.75,2450713.77,73445.23,744.0
NO 15/9-F-11 H,2016-06-30,14590.61,2349131.22,71699.35,718.41667
NO 15/9-F-11 H,2016-07-31,14384.88,2309447.4699999997,77084.72,740.00101
NO 15/9-F-11 H,2016-08-31,14583.73,2341371.55,87762.19,743.66667
NO 15/9-F-11 H,2016-09-30,8609.18,1458816.35,46779.39,392.27514
NO 15/9-F-12 H,2008-02-29,49091.06,7068009.29,412.61,406.62499
NO 15/9-F-12 H,2008-03-31,83361.26,12191170.91,27.42,655.10834
NO 15/9-F-12 H,2008-04-30,74532.45,11506440.74,496.24,613.64666
NO 15/9-F-12 H,2008-05-31,125478.56,19091871.52,16280.12,716.19167
NO 15/9-F-12 H,2008-06-30,143786.85,21512333.93,474.37,675.91669
NO 15/9-F-12 H,2008-07-31,114994.61,17116441.78,290.02,710.74165
NO 15/9-F-12 H,2008-08-31,97822.46,14143008.24,354.18,672.83334
NO 15/9-F-12 H,2008-09-30,77666.95,11185944.41,188.39,567.97499
NO 15/9-F-12 H,2008-10-31,94357.23,13430833.95,624.05,737.50001
NO 15/9-F-12 H,2008-11-30,145915.56,20837122.26,2390.31,712.66667
NO 15/9-F-12 H,2008-12-31,166439.67,24106361.74,1003.31,744.0
NO 15/9-F-12 H,2009-01-31,153677.16,22255224.02,389.76,740.83332
NO 15/9-F-12 H,2009-02-28,121905.01,17427051.54,0.0,656.30834
NO 15/9-F-12 H,2009-03-31,92958.71,13123546.99,0.0,506.33334
NO 15/9-F-12 H,2009-04-30,150955.68,20931107.81,1246.29,719.16667
NO 15/9-F-12 H,2009-05-31,141039.01,19366853.43,3106.49,695.16666
NO 15/9-F-12 H,2009-06-30,132429.71,17787475.65,2658.63,715.31666
NO 15/9-F-12 H,2009-07-31,106105.25,14721967.2,3289.44,742.16666
NO 15/9-F-12 H,2009-08-31,112414.27,15676349.96,5024.01,589.075
NO 15/9-F-12 H,2009-09-30,90098.89,12553421.69,2235.08,493.25
NO 15/9-F-12 H,2009-10-31,126939.65,17819694.28,6812.79,683.74166
NO 15/9-F-12 H,2009-11-30,136015.68,19181583.58,11286.87,705.75001
NO 15/9-F-12 H,2009-12-31,158001.52,22160862.45,17321.2,728.5
NO 15/9-F-12 H,2010-01-31,149658.83,21044604.02,30230.27,742.16666
NO 15/9-F-12 H,2010-02-28,103026.0,14520589.94,43215.66,608.725
NO 15/9-F-12 H,2010-03-31,101571.61,14278518.8,53998.5,647.66666
NO 15/9-F-12 H,2010-04-30,86253.61,12161145.93,67996.09,705.99999
NO 15/9-F-12 H,2010-05-31,77113.56,10970381.3,74438.31,733.16667
NO 15/9-F-12 H,2010-06-30,69617.37,9944534.27,83268.36,717.16667
NO 15/9-F-12 H,2010-07-31,64039.69,9283376.77,95054.15,742.33334
NO 15/9-F-12 H,2010-08-31,30117.36,4346504.25,54787.65,427.43334
NO 15/9-F-12 H,2010-09-30,51312.93,7750210.88,89428.8,644.74999
NO 15/9-F-12 H,2010-10-31,51430.58,7741377.24,99542.87,743.00001
NO 15/9-F-12 H,2010-11-30,44468.45,6747077.64,102235.65,690.33333
NO 15/9-F-12 H,2010-12-31,45217.96,6910660.46,111335.89,741.33333
NO 15/9-F-12 H,2011-01-31,44746.55,6824000.89,116885.54,743.5
NO 15/9-F-12 H,2011-02-28,29157.49,4519227.07,85274.18,557.24999
NO 15/9-F-12 H,2011-03-31,37395.05,5760219.21,113239.35,729.83334
NO 15/9-F-12 H,2011-04-30,37819.72,5877460.87,116196.38,717.91667
NO 15/9-F-12 H,2011-05-31,37204.71,5801740.29,119567.47,736.04167
NO 15/9-F-12 H,2011-06-30,22026.06,3412025.77,74563.44,463.26667
NO 15/9-F-12 H,2011-07-31,12462.42,1823751.35,31887.510000000002,245.24669
NO 15/9-F-12 H,2011-08-31,36380.15,5446516.53,99004.87,651.49332
NO 15/9-F-12 H,2011-09-30,29999.17,4566406.76,110471.84,707.0
NO 15/9-F-12 H,2011-10-31,12647.5,1919664.23,52875.8,325.66166
NO 15/9-F-12 H,2011-11-30,21789.05,3242433.68,75772.93,459.33334
NO 15/9-F-12 H,2011-12-31,18090.2,2650493.31,64676.69,424.82166
NO 15/9-F-12 H,2012-01-31,18217.85,2722573.45,63857.71,399.65834
NO 15/9-F-12 H,2012-02-29,27362.26,4289924.83,133954.93,688.75833
NO 15/9-F-12 H,2012-03-31,26679.88,4276185.92,142184.01,740.41666
NO 15/9-F-12 H,2012-04-30,24088.35,3866150.19,138112.43,710.29167
NO 15/9-F-12 H,2012-05-31,22415.15,3630958.27,140203.43,737.69167
NO 15/9-F-12 H,2012-06-30,20887.38,3394646.36,134081.24,711.33334
NO 15/9-F-12 H,2012-07-31,21206.94,3444768.69,140164.53,744.0
NO 15/9-F-12 H,2012-08-31,8998.24,1376155.08,55244.46,288.625
NO 15/9-F-12 H,2012-09-30,1013.9300000000001,156920.4,4513.08,26.99166
NO 15/9-F-12 H,2012-10-31,19612.85,3067585.4,121317.43,610.175
NO 15/9-F-12 H,2012-11-30,19018.88,3086439.76,134909.36,720.0
NO 15/9-F-12 H,2012-12-31,16320.65,2717290.03,131667.43,700.24999
NO 15/9-F-12 H,2013-01-31,17408.57,2881178.96,139783.93,744.0
NO 15/9-F-12 H,2013-02-28,15087.380000000001,2461248.52,126325.44,672.0
NO 15/9-F-12 H,2013-03-31,6305.81,1053665.6199999999,57120.76,307.76833
NO 15/9-F-12 H,2013-04-30,12351.34,2055291.8599999999,102945.43,513.46573
NO 15/9-F-12 H,2013-05-31,16313.4,2757755.17,147164.69,732.05834
NO 15/9-F-12 H,2013-06-30,11899.57,2037219.83,112559.07,566.675
NO 15/9-F-12 H,2013-07-31,11861.63,1919702.47,112172.58,581.275
NO 15/9-F-12 H,2013-08-31,15147.18,2354241.49,152994.91,687.97685
NO 15/9-F-12 H,2013-09-30,9223.53,1446819.31,104678.41,589.985
NO 15/9-F-12 H,2013-10-31,8305.01,1283583.5,137534.62,680.0
NO 15/9-F-12 H,2013-11-30,7170.56,1102962.23,122993.19,648.64167
NO 15/9-F-12 H,2013-12-31,7079.5199999999995,1101388.53,125859.26,633.4
NO 15/9-F-12 H,2014-01-31,4997.24,766195.72,87030.26,486.14168
NO 15/9-F-12 H,2014-02-28,6101.4,921967.01,110297.86,561.9
NO 15/9-F-12 H,2014-03-31,6835.66,1036071.18,127351.18,656.72426
NO 15/9-F-12 H,2014-04-30,5892.01,883605.0,141144.82,693.01833
NO 15/9-F-12 H,2014-05-31,3237.7,469664.0,88748.26,427.32999
NO 15/9-F-12 H,2014-06-30,5751.2,846733.74,152034.68,707.33333
NO 15/9-F-12 H,2014-07-31,5791.84,864045.93,152314.38,743.16667
NO 15/9-F-12 H,2014-08-31,4448.49,704538.16,126629.09,593.36666
NO 15/9-F-12 H,2014-09-30,5062.59,803970.67,149375.78,685.83333
NO 15/9-F-12 H,2014-10-31,5385.61,833120.57,155365.68,745.0
NO 15/9-F-12 H,2014-11-30,4495.0599999999995,700998.22,114660.7,580.94167
NO 15/9-F-12 H,2014-12-31,0.0,0.0,0.0,0.0
NO 15/9-F-12 H,2015-01-31,25712.55,3780459.43,11588.22,715.58333
NO 15/9-F-12 H,2015-02-28,19578.55,2960674.24,15115.5,622.79666
NO 15/9-F-12 H,2015-03-31,19341.43,2853432.83,19255.66,665.125
NO 15/9-F-12 H,2015-04-30,19796.56,2889394.96,20808.06,720.0
NO 15/9-F-12 H,2015-05-31,16996.48,2479620.4,25200.83,744.0
NO 15/9-F-12 H,2015-06-30,19536.3,2859707.1,32902.68,709.31667
NO 15/9-F-12 H,2015-07-31,19157.45,2846820.92,36480.53,744.0
NO 15/9-F-12 H,2015-08-31,13473.27,2047120.71,31629.02,636.68333
NO 15/9-F-12 H,2015-09-30,12494.51,1888048.66,35065.36,719.32486
NO 15/9-F-12 H,2015-10-31,11888.63,1821328.15,38151.12,738.66667
NO 15/9-F-12 H,2015-11-30,11369.48,1748311.35,37662.5,719.50001
NO 15/9-F-12 H,2015-12-31,10855.97,1662453.18,37288.0,731.33334
NO 15/9-F-12 H,2016-01-31,9494.98,1487340.06,38969.86,736.49999
NO 15/9-F-12 H,2016-02-29,7644.12,1205549.1,35253.46,695.58333
NO 15/9-F-12 H,2016-03-31,7359.93,1185893.56,40507.21,743.0
NO 15/9-F-12 H,2016-04-30,6152.17,1015034.36,37126.04,718.83333
NO 15/9-F-12 H,2016-05-31,5865.13,925513.84,36147.78,740.5
NO 15/9-F-12 H,2016-06-30,5408.31,870533.4,34608.45,703.25833
NO 15/9-F-12 H,2016-07-31,4533.82,729319.16,29940.18,703.72593
NO 15/9-F-12 H,2016-08-31,1442.03,232557.71,10937.14,285.89167
NO 15/9-F-12 H,2016-09-30,0.0,0.0,0.0,0.0
NO 15/9-F-14 H,2008-02-29,0.0,0.0,0.0,0.0
NO 15/9-F-14 H,2008-03-31,0.0,0.0,0.0,0.0
NO 15/9-F-14 H,2008-04-30,0.0,0.0,0.0,0.0
NO 15/9-F-14 H,2008-05-31,0.0,0.0,0.0,0.0
NO 15/9-F-14 H,2008-06-30,0.0,0.0,0.0,0.0
NO 15/9-F-14 H,2008-07-31,51285.08,7538861.07,126.17,437.57
NO 15/9-F-14 H,2008-08-31,67621.2,9780532.34,222.53,458.4
NO 15/9-F-14 H,2008-09-30,114596.26,16340514.75,275.73,642.70833
NO 15/9-F-14 H,2008-10-31,142817.06,20326866.32,101.25,742.5
NO 15/9-F-14 H,2008-11-30,104409.61,14906020.01,189.89,717.83333
NO 15/9-F-14 H,2008-12-31,110199.28,15956253.45,66.54,744.0
NO 15/9-F-14 H,2009-01-31,115572.66,16718455.33,977.79,705.16665
NO 15/9-F-14 H,2009-02-28,113880.98,16254377.44,2529.24,638.41668
NO 15/9-F-14 H,2009-03-31,90644.44,12702463.22,1679.12,530.80333
NO 15/9-F-14 H,2009-04-30,86944.06,11926656.18,246.47,537.63334
NO 15/9-F-14 H,2009-05-31,116175.04,15944548.83,3440.05,694.66667
NO 15/9-F-14 H,2009-06-30,86654.03,12141881.11,5731.18,691.89998
NO 15/9-F-14 H,2009-07-31,64871.82,9127860.49,6772.73,742.16666
NO 15/9-F-14 H,2009-08-31,112493.5,15664621.81,20793.78,656.82498
NO 15/9-F-14 H,2009-09-30,90349.8,12564633.24,15274.84,509.07501
NO 15/9-F-14 H,2009-10-31,96707.32,13556584.82,26099.06,655.42499
NO 15/9-F-14 H,2009-11-30,98043.5,13821883.66,39016.45,709.25001
NO 15/9-F-14 H,2009-12-31,89514.35,12552907.78,56173.42,726.66667
NO 15/9-F-14 H,2010-01-31,82221.25,11561301.92,70004.16,742.16666
NO 15/9-F-14 H,2010-02-28,62092.98,8751248.29,62000.25,610.175
NO 15/9-F-14 H,2010-03-31,66989.25,9421805.36,64560.85,654.10832
NO 15/9-F-14 H,2010-04-30,73035.81,10288470.42,69865.31,679.80833
NO 15/9-F-14 H,2010-05-31,87809.28,12490295.91,85315.44,740.16667
NO 15/9-F-14 H,2010-06-30,75309.81999999999,10756576.8,96580.92,717.75
NO 15/9-F-14 H,2010-07-31,69600.25,10073534.35,101216.35,742.41667
NO 15/9-F-14 H,2010-08-31,38413.73,5543252.28,56452.9,425.1
NO 15/9-F-14 H,2010-09-30,55405.21,8260552.19,66506.82,566.14999
NO 15/9-F-14 H,2010-10-31,78755.31,11853846.58,100949.14,743.16666
NO 15/9-F-14 H,2010-11-30,62555.48,9485348.68,96969.98,683.41667
NO 15/9-F-14 H,2010-12-31,63886.23,9763159.53,111640.46,741.5
NO 15/9-F-14 H,2011-01-31,61328.45,9353204.41,111168.02,744.0
NO 15/9-F-14 H,2011-02-28,44066.31,6830109.59,79492.13,561.5
NO 15/9-F-14 H,2011-03-31,56709.96,8733754.97,117498.23,732.5
NO 15/9-F-14 H,2011-04-30,51814.24,8052242.88,122053.6,717.66667
NO 15/9-F-14 H,2011-05-31,51121.62,7972927.68,129331.86,741.25
NO 15/9-F-14 H,2011-06-30,31194.510000000002,4835912.15,81258.77,465.175
NO 15/9-F-14 H,2011-07-31,20211.31,3064565.93,42012.13,254.50833
NO 15/9-F-14 H,2011-08-31,49730.28,7681607.89,108934.77,652.325
NO 15/9-F-14 H,2011-09-30,51053.13,8021384.18,133957.61,708.0
NO 15/9-F-14 H,2011-10-31,21807.23,3406338.4,56487.87,327.07499
NO 15/9-F-14 H,2011-11-30,35043.89,5381237.58,73586.39,464.30833
NO 15/9-F-14 H,2011-12-31,34166.4,5142969.72,74442.9,436.65001
NO 15/9-F-14 H,2012-01-31,27309.23,4156158.72,57518.38,363.81667
NO 15/9-F-14 H,2012-02-29,36797.659999999996,5598558.93,55275.84,692.66666
NO 15/9-F-14 H,2012-03-31,34745.590000000004,5378188.67,60225.91,740.83334
NO 15/9-F-14 H,2012-04-30,36509.79,5673229.82,72811.24,720.0
NO 15/9-F-14 H,2012-05-31,35051.96,5495387.93,82877.31,741.08334
NO 15/9-F-14 H,2012-06-30,31665.55,4980411.28,80184.2,711.16667
NO 15/9-F-14 H,2012-07-31,32960.7,5181262.48,83969.56,744.0
NO 15/9-F-14 H,2012-08-31,12689.84,1974233.52,33316.51,288.625
NO 15/9-F-14 H,2012-09-30,1655.0800000000002,245981.03000000003,2918.1899999999996,30.78333
NO 15/9-F-14 H,2012-10-31,33944.02,5155057.85,60061.38,610.175
NO 15/9-F-14 H,2012-11-30,34931.66,5485685.31,87226.64,720.0
NO 15/9-F-14 H,2012-12-31,30122.89,4854889.04,93523.46,710.99999
NO 15/9-F-14 H,2013-01-31,30184.8,4834717.2,99784.43,744.0
NO 15/9-F-14 H,2013-02-28,26595.53,4196331.85,92120.59,667.91667
NO 15/9-F-14 H,2013-03-31,18816.52,2783792.79,70618.72,508.30167
NO 15/9-F-14 H,2013-04-30,22875.420000000002,3676256.95,79450.26,557.33333
NO 15/9-F-14 H,2013-05-31,27661.53,4525932.12,109553.2,733.50001
NO 15/9-F-14 H,2013-06-30,22298.26,3652742.89,93413.24,630.08333
NO 15/9-F-14 H,2013-07-31,22602.78,3553396.55,94589.45,660.84167
NO 15/9-F-14 H,2013-08-31,21666.9,3259563.55,91453.17,687.825
NO 15/9-F-14 H,2013-09-30,17870.72,2707856.27,92677.05,626.825
NO 15/9-F-14 H,2013-10-31,18441.11,2757135.18,96753.57,658.66666
NO 15/9-F-14 H,2013-11-30,19248.66,2853579.7,103737.87,681.25
NO 15/9-F-14 H,2013-12-31,15495.97,2330523.9899999998,97307.32,630.08333
NO 15/9-F-14 H,2014-01-31,16686.58,2426753.21,106725.74,673.25
NO 15/9-F-14 H,2014-02-28,14766.13,2161271.57,96430.28,598.60834
NO 15/9-F-14 H,2014-03-31,14954.84,2196383.02,101501.18,677.16666
NO 15/9-F-14 H,2014-04-30,16572.24,2398888.09,104862.29,701.45833
NO 15/9-F-14 H,2014-05-31,13637.02,1943519.3699999999,98851.21,701.5
NO 15/9-F-14 H,2014-06-30,13257.99,1951326.48,103420.97,710.0
NO 15/9-F-14 H,2014-07-31,13495.98,2012912.6400000001,99765.12,743.08334
NO 15/9-F-14 H,2014-08-31,8443.73,1333766.6400000001,82815.84,599.78333
NO 15/9-F-14 H,2014-09-30,9622.21,1516704.37,97941.37,689.66666
NO 15/9-F-14 H,2014-10-31,10076.22,1558794.24,104963.4,745.0
NO 15/9-F-14 H,2014-11-30,10386.41,1643092.74,103384.87,708.5
NO 15/9-F-14 H,2014-12-31,9665.11,1601950.3,100254.94,740.83334
NO 15/9-F-14 H,2015-01-31,9120.98,1357132.6,95024.85,718.13333
NO 15/9-F-14 H,2015-02-28,7178.8,1092571.04,91844.46,655.05833
NO 15/9-F-14 H,2015-03-31,8069.04,1195524.25,107454.33,744.0
NO 15/9-F-14 H,2015-04-30,7687.2,1121236.5,101303.06,720.0
NO 15/9-F-14 H,2015-05-31,7147.79,1042506.82,102927.47,744.0
NO 15/9-F-14 H,2015-06-30,6069.93,889055.86,100367.07,718.81667
NO 15/9-F-14 H,2015-07-31,6720.74,999142.24,96224.54,741.04194
NO 15/9-F-14 H,2015-08-31,4876.31,737504.53,79596.64,629.39181
NO 15/9-F-14 H,2015-09-30,5300.41,799234.86,84511.31,719.07486
NO 15/9-F-14 H,2015-10-31,5634.86,863230.28,97864.97,741.91667
NO 15/9-F-14 H,2015-11-30,5431.56,835108.42,96061.08,719.50001
NO 15/9-F-14 H,2015-12-31,5158.09,790131.36,94593.75,740.5
NO 15/9-F-14 H,2016-01-31,4606.3,721123.87,97147.72,736.33332
NO 15/9-F-14 H,2016-02-29,3941.77,621658.73,86357.85,695.58333
NO 15/9-F-14 H,2016-03-31,3753.8,604911.16,98119.24,737.66666
NO 15/9-F-14 H,2016-04-30,3112.41,514414.42,91934.95,715.83333
NO 15/9-F-14 H,2016-05-31,3212.96,506857.03,89415.55,738.0
NO 15/9-F-14 H,2016-06-30,3075.0299999999997,495103.7,88380.72,716.08333
NO 15/9-F-14 H,2016-07-31,1326.86,215288.52,37892.52,301.225
NO 15/9-F-14 H,2016-08-31,0.0,0.0,0.0,0.0
NO 15/9-F-14 H,2016-09-30,0.0,0.0,0.0,0.0
NO 15/9-F-15 D,2014-01-31,5674.63,820968.96,0.0,339.91667
NO 15/9-F-15 D,2014-02-28,7898.6,1196183.89,0.0,595.65001
NO 15/9-F-15 D,2014-03-31,7081.47,1076363.95,0.0,670.75
NO 15/9-F-15 D,2014-04-30,7163.3,1074270.33,0.0,700.875
NO 15/9-F-15 D,2014-05-31,7218.61,1014000.02,0.0,744.0
NO 15/9-F-15 D,2014-06-30,7012.55,1032224.48,0.0,709.33334
NO 15/9-F-15 D,2014-07-31,6847.42,1021004.3099999999,0.0,732.66639
NO 15/9-F-15 D,2014-08-31,3475.39,526611.07,0.0,433.325
NO 15/9-F-15 D,2014-09-30,5314.55,833248.65,0.0,647.45834
NO 15/9-F-15 D,2014-10-31,5732.97,886879.16,182.78,733.33333
NO 15/9-F-15 D,2014-11-30,4716.31,732052.12,192.87,597.375
NO 15/9-F-15 D,2014-12-31,0.0,0.0,0.0,0.0
NO 15/9-F-15 D,2015-01-31,5975.51,878873.59,207.79,697.46666
NO 15/9-F-15 D,2015-02-28,4581.29,696960.15,258.99,649.39166
NO 15/9-F-15 D,2015-03-31,4133.47,610220.42,309.74,665.66667
NO 15/9-F-15 D,2015-04-30,4259.92,621371.14,318.03,720.0
NO 15/9-F-15 D,2015-05-31,4057.96,591890.28,301.77,737.16667
NO 15/9-F-15 D,2015-06-30,3665.8,537022.8,291.57,718.98334
NO 15/9-F-15 D,2015-07-31,2238.45,329941.91,184.75,420.18361
NO 15/9-F-15 D,2015-08-31,3577.67,542285.92,1856.58,276.29097
NO 15/9-F-15 D,2015-09-30,7417.35,1121246.68,3986.62,719.15805
NO 15/9-F-15 D,2015-10-31,6346.83,972413.69,3628.62,743.16667
NO 15/9-F-15 D,2015-11-30,3926.0099999999998,605737.54,2740.47,438.72541
NO 15/9-F-15 D,2015-12-31,4919.04,751606.71,5075.94,541.175
NO 15/9-F-15 D,2016-01-31,2890.93,445568.02,3648.91,350.4
NO 15/9-F-15 D,2016-02-29,5109.33,805794.85,5891.02,694.75
NO 15/9-F-15 D,2016-03-31,3747.55,600593.91,5035.04,550.65832
NO 15/9-F-15 D,2016-04-30,4544.16,751127.49,5688.1,576.50834
NO 15/9-F-15 D,2016-05-31,4699.01,740192.61,6004.13,677.16667
NO 15/9-F-15 D,2016-06-30,3463.91,555535.97,5390.5,604.91666
NO 15/9-F-15 D,2016-07-31,828.57,133160.33000000002,1172.18,138.375
NO 15/9-F-15 D,2016-08-31,0.0,0.0,0.0,0.0
NO 15/9-F-15 D,2016-09-30,0.0,0.0,0.0,0.0
NO 15/9-F-5 AH,2016-04-30,3400.61,538638.5599999999,2380.78,245.84167
NO 15/9-F-5 AH,2016-05-31,9395.7,1482289.73,3813.77,720.0
NO 15/9-F-5 AH,2016-06-30,9121.48,1468557.1199999999,2376.93,718.41667
NO 15/9-F-5 AH,2016-07-31,7937.49,1278316.53,1931.1399999999999,596.64168
NO 15/9-F-5 AH,2016-08-31,8577.52,1363872.43,2285.98,596.425
NO 15/9-F-5 AH,2016-09-30,0.0,0.0,0.0,0.0
